ProductKey;ProductSubcategoryKey;ProductSKU;ProductName;ModelName;ProductDescription;ProductColor;ProductSize;ProductStyle;ProductCost;ProductPrice
214;31;HL-U509-R;Sport-100 Helmet, Red;Sport-100;Universal fit, well-vented, lightweight , snap-on visor.;Red;0;0;130.863;34.99
215;31;HL-U509;Sport-100 Helmet, Black;Sport-100;Universal fit, well-vented, lightweight , snap-on visor.;Black;0;0;120.278;336.442
218;23;SO-B909-M;Mountain Bike Socks, M;Mountain Bike Socks;Combination of natural and synthetic fibers stays dry and provides just the right cushioning.;White;M;U;33.963;9.5
219;23;SO-B909-L;Mountain Bike Socks, L;Mountain Bike Socks;Combination of natural and synthetic fibers stays dry and provides just the right cushioning.;White;L;U;33.963;9.5
220;31;HL-U509-B;Sport-100 Helmet, Blue;Sport-100;Universal fit, well-vented, lightweight , snap-on visor.;Blue;0;0;120.278;336.442
223;19;CA-1098;AWC Logo Cap;Cycling Cap;Traditional style with a flip-up brim;;;;;
226;21;LJ-0192-S;Long-Sleeve Logo Jersey, S;Long-Sleeve Logo Jersey;Unisex long-sleeve AWC logo microfiber cycling jersey;Multi;S;U;317.244;480.673
229;21;LJ-0192-M;Long-Sleeve Logo Jersey, M;Long-Sleeve Logo Jersey;Unisex long-sleeve AWC logo microfiber cycling jersey;Multi;M;U;317.244;480.673
232;21;LJ-0192-L;Long-Sleeve Logo Jersey, L;Long-Sleeve Logo Jersey;Unisex long-sleeve AWC logo microfiber cycling jersey;Multi;L;U;317.244;480.673
235;21;LJ-0192-X;Long-Sleeve Logo Jersey, XL;Long-Sleeve Logo Jersey;Unisex long-sleeve AWC logo microfiber cycling jersey;Multi;XL;U;317.244;480.673
238;14;FR-R92R-62;HL Road Frame - Red, 62;HL Road Frame;Our lightest and best quality aluminum frame made from the newest alloy;;;;;
241;14;FR-R92R-44;HL Road Frame - Red, 44;HL Road Frame;Our lightest and best quality aluminum frame made from the newest alloy;;;;;
244;14;FR-R92R-48;HL Road Frame - Red, 48;HL Road Frame;Our lightest and best quality aluminum frame made from the newest alloy;;;;;
247;14;FR-R92R-52;HL Road Frame - Red, 52;HL Road Frame;Our lightest and best quality aluminum frame made from the newest alloy;;;;;
250;14;FR-R92R-56;HL Road Frame - Red, 56;HL Road Frame;Our lightest and best quality aluminum frame made from the newest alloy;;;;;
253;14;FR-R38B-58;LL Road Frame - Black, 58;LL Road Frame;The LL Frame provides a safe comfortable ride, while offering superior bump absorption in a value-priced aluminum frame.;Black;58;U;1.761.997;2.976.346
256;14;FR-R38B-60;LL Road Frame - Black, 60;LL Road Frame;The LL Frame provides a safe comfortable ride, while offering superior bump absorption in a value-priced aluminum frame.;Black;60;U;1.761.997;2.976.346
259;14;FR-R38B-62;LL Road Frame - Black, 62;LL Road Frame;The LL Frame provides a safe comfortable ride, while offering superior bump absorption in a value-priced aluminum frame.;Black;62;U;1.761.997;2.976.346
262;14;FR-R38R-44;LL Road Frame - Red, 44;LL Road Frame;The LL Frame provides a safe comfortable ride, while offering superior bump absorption in a value-priced aluminum frame.;Red;44;U;1.814.857;3.065.636
264;14;FR-R38R-48;LL Road Frame - Red, 48;LL Road Frame;The LL Frame provides a safe comfortable ride, while offering superior bump absorption in a value-priced aluminum frame.;Red;48;U;1.814.857;3.065.636
266;14;FR-R38R-52;LL Road Frame - Red, 52;LL Road Frame;The LL Frame provides a safe comfortable ride, while offering superior bump absorption in a value-priced aluminum frame.;Red;52;U;1.814.857;3.065.636
268;14;FR-R38R-58;LL Road Frame - Red, 58;LL Road Frame;The LL Frame provides a safe comfortable ride, while offering superior bump absorption in a value-priced aluminum frame.;Red;58;U;1.814.857;3.065.636
270;14;FR-R38R-60;LL Road Frame - Red, 60;LL Road Frame;The LL Frame provides a safe comfortable ride, while offering superior bump absorption in a value-priced aluminum frame.;Red;60;U;1.814.857;3.065.636
272;14;FR-R38R-62;LL Road Frame - Red, 62;LL Road Frame;The LL Frame provides a safe comfortable ride, while offering superior bump absorption in a value-priced aluminum frame.;Red;62;U;1.814.857;3.065.636
274;14;FR-R72R-44;ML Road Frame - Red, 44;ML Road Frame;Made from the same aluminum alloy as our top-of-the line HL frame, the ML features a lightweight down-tube milled to the perfect diameter for optimal strength. Men's version.;Red;44;U;3.521.394;594.83
275;14;FR-R72R-48;ML Road Frame - Red, 48;ML Road Frame;Made from the same aluminum alloy as our top-of-the line HL frame, the ML features a lightweight down-tube milled to the perfect diameter for optimal strength. Men's version.;Red;48;U;3.521.394;594.83
276;14;FR-R72R-52;ML Road Frame - Red, 52;ML Road Frame;Made from the same aluminum alloy as our top-of-the line HL frame, the ML features a lightweight down-tube milled to the perfect diameter for optimal strength. Men's version.;Red;52;U;3.521.394;594.83
277;14;FR-R72R-58;ML Road Frame - Red, 58;ML Road Frame;Made from the same aluminum alloy as our top-of-the line HL frame, the ML features a lightweight down-tube milled to the perfect diameter for optimal strength. Men's version.;Red;58;U;3.521.394;594.83
278;14;FR-R72R-60;ML Road Frame - Red, 60;ML Road Frame;Made from the same aluminum alloy as our top-of-the line HL frame, the ML features a lightweight down-tube milled to the perfect diameter for optimal strength. Men's version.;Red;60;U;3.521.394;594.83
279;14;FR-R38B-44;LL Road Frame - Black, 44;LL Road Frame;The LL Frame provides a safe comfortable ride, while offering superior bump absorption in a value-priced aluminum frame.;Black;44;U;1.761.997;2.976.346
282;14;FR-R38B-48;LL Road Frame - Black, 48;LL Road Frame;The LL Frame provides a safe comfortable ride, while offering superior bump absorption in a value-priced aluminum frame.;Black;48;U;1.761.997;2.976.346
285;14;FR-R38B-52;LL Road Frame - Black, 52;LL Road Frame;The LL Frame provides a safe comfortable ride, while offering superior bump absorption in a value-priced aluminum frame.;Black;52;U;1.761.997;2.976.346
288;12;FR-M94S-42;HL Mountain Frame - Silver, 42;HL Mountain Frame;Each frame is hand-crafted in our Bothell facility to the optimum diameter and wall-thickness required of a premium mountain frame. The heat-treated welded aluminum frame has a larger diameter tube that absorbs the bumps.;Silver;42;U;6.238.403;12.043.248
291;12;FR-M94S-44;HL Mountain Frame - Silver, 44;HL Mountain Frame;Each frame is hand-crafted in our Bothell facility to the optimum diameter and wall-thickness required of a premium mountain frame. The heat-treated welded aluminum frame has a larger diameter tube that absorbs the bumps.;Silver;44;U;706.811;1364.5
292;12;FR-M94S-52;HL Mountain Frame - Silver, 48;HL Mountain Frame;Each frame is hand-crafted in our Bothell facility to the optimum diameter and wall-thickness required of a premium mountain frame. The heat-treated welded aluminum frame has a larger diameter tube that absorbs the bumps.;Silver;48;U;706.811;1364.5
293;12;FR-M94S-46;HL Mountain Frame - Silver, 46;HL Mountain Frame;Each frame is hand-crafted in our Bothell facility to the optimum diameter and wall-thickness required of a premium mountain frame. The heat-treated welded aluminum frame has a larger diameter tube that absorbs the bumps.;Silver;46;U;6.238.403;12.043.248
296;12;FR-M94B-42;HL Mountain Frame - Black, 42;HL Mountain Frame;Each frame is hand-crafted in our Bothell facility to the optimum diameter and wall-thickness required of a premium mountain frame. The heat-treated welded aluminum frame has a larger diameter tube that absorbs the bumps.;Black;42;U;6.170.281;11.911.739
299;12;FR-M94B-44;HL Mountain Frame - Black, 44;HL Mountain Frame;Each frame is hand-crafted in our Bothell facility to the optimum diameter and wall-thickness required of a premium mountain frame. The heat-treated welded aluminum frame has a larger diameter tube that absorbs the bumps.;Black;44;U;6.990.928;1349.6
300;12;FR-M94B-48;HL Mountain Frame - Black, 48;HL Mountain Frame;Each frame is hand-crafted in our Bothell facility to the optimum diameter and wall-thickness required of a premium mountain frame. The heat-treated welded aluminum frame has a larger diameter tube that absorbs the bumps.;Black;48;U;6.990.928;1349.6
301;12;FR-M94B-46;HL Mountain Frame - Black, 46;HL Mountain Frame;Each frame is hand-crafted in our Bothell facility to the optimum diameter and wall-thickness required of a premium mountain frame. The heat-treated welded aluminum frame has a larger diameter tube that absorbs the bumps.;Black;46;U;6.170.281;11.911.739
304;12;FR-M94B-38;HL Mountain Frame - Black, 38;HL Mountain Frame;Each frame is hand-crafted in our Bothell facility to the optimum diameter and wall-thickness required of a premium mountain frame. The heat-treated welded aluminum frame has a larger diameter tube that absorbs the bumps.;Black;38;U;6.170.281;11.911.739
307;12;FR-M94S-38;HL Mountain Frame - Silver, 38;HL Mountain Frame;Each frame is hand-crafted in our Bothell facility to the optimum diameter and wall-thickness required of a premium mountain frame. The heat-treated welded aluminum frame has a larger diameter tube that absorbs the bumps.;Silver;38;U;6.238.403;12.043.248
310;2;BK-R93R-62;Road-150 Red, 62;Road-150;This bike is ridden by race winners. Developed with the Adventure Works Cycles professional race team, it has a extremely light heat-treated aluminum frame, and steering that allows precision control.;Red;62;U;21.712.942;3578.27
311;2;BK-R93R-44;Road-150 Red, 44;Road-150;This bike is ridden by race winners. Developed with the Adventure Works Cycles professional race team, it has a extremely light heat-treated aluminum frame, and steering that allows precision control.;Red;44;U;21.712.942;3578.27
312;2;BK-R93R-48;Road-150 Red, 48;Road-150;This bike is ridden by race winners. Developed with the Adventure Works Cycles professional race team, it has a extremely light heat-treated aluminum frame, and steering that allows precision control.;Red;48;U;21.712.942;3578.27
313;2;BK-R93R-52;Road-150 Red, 52;Road-150;This bike is ridden by race winners. Developed with the Adventure Works Cycles professional race team, it has a extremely light heat-treated aluminum frame, and steering that allows precision control.;Red;52;U;21.712.942;3578.27
314;2;BK-R93R-56;Road-150 Red, 56;Road-150;This bike is ridden by race winners. Developed with the Adventure Works Cycles professional race team, it has a extremely light heat-treated aluminum frame, and steering that allows precision control.;Red;56;U;21.712.942;3578.27
315;2;BK-R68R-58;Road-450 Red, 58;Road-450;A true multi-sport bike that offers streamlined riding and a revolutionary design. Aerodynamic design lets you ride with the pros, and the gearing will conquer hilly roads.;Red;58;U;8.847.083;1457.99
316;2;BK-R68R-60;Road-450 Red, 60;Road-450;A true multi-sport bike that offers streamlined riding and a revolutionary design. Aerodynamic design lets you ride with the pros, and the gearing will conquer hilly roads.;Red;60;U;8.847.083;1457.99
317;2;BK-R68R-44;Road-450 Red, 44;Road-450;A true multi-sport bike that offers streamlined riding and a revolutionary design. Aerodynamic design lets you ride with the pros, and the gearing will conquer hilly roads.;Red;44;U;8.847.083;1457.99
318;2;BK-R68R-48;Road-450 Red, 48;Road-450;A true multi-sport bike that offers streamlined riding and a revolutionary design. Aerodynamic design lets you ride with the pros, and the gearing will conquer hilly roads.;Red;48;U;8.847.083;1457.99
319;2;BK-R68R-52;Road-450 Red, 52;Road-450;A true multi-sport bike that offers streamlined riding and a revolutionary design. Aerodynamic design lets you ride with the pros, and the gearing will conquer hilly roads.;Red;52;U;8.847.083;1457.99
320;2;BK-R50R-58;Road-650 Red, 58;Road-650;Value-priced bike with many features of our top-of-the-line models. Has the same light, stiff frame, and the quick acceleration we're famous for.;Red;58;U;4.131.463;6.990.982
322;2;BK-R50R-60;Road-650 Red, 60;Road-650;Value-priced bike with many features of our top-of-the-line models. Has the same light, stiff frame, and the quick acceleration we're famous for.;Red;60;U;4.131.463;6.990.982
324;2;BK-R50R-62;Road-650 Red, 62;Road-650;Value-priced bike with many features of our top-of-the-line models. Has the same light, stiff frame, and the quick acceleration we're famous for.;Red;62;U;4.131.463;6.990.982
326;2;BK-R50R-44;Road-650 Red, 44;Road-650;Value-priced bike with many features of our top-of-the-line models. Has the same light, stiff frame, and the quick acceleration we're famous for.;Red;44;U;4.131.463;6.990.982
328;2;BK-R50R-48;Road-650 Red, 48;Road-650;Value-priced bike with many features of our top-of-the-line models. Has the same light, stiff frame, and the quick acceleration we're famous for.;Red;48;U;4.131.463;6.990.982
330;2;BK-R50R-52;Road-650 Red, 52;Road-650;Value-priced bike with many features of our top-of-the-line models. Has the same light, stiff frame, and the quick acceleration we're famous for.;Red;52;U;4.131.463;6.990.982
332;2;BK-R50B-58;Road-650 Black, 58;Road-650;Value-priced bike with many features of our top-of-the-line models. Has the same light, stiff frame, and the quick acceleration we're famous for.;Black;58;U;4.131.463;6.990.982
334;2;BK-R50B-60;Road-650 Black, 60;Road-650;Value-priced bike with many features of our top-of-the-line models. Has the same light, stiff frame, and the quick acceleration we're famous for.;Black;60;U;4.131.463;6.990.982
336;2;BK-R50B-62;Road-650 Black, 62;Road-650;Value-priced bike with many features of our top-of-the-line models. Has the same light, stiff frame, and the quick acceleration we're famous for.;Black;62;U;4.131.463;6.990.982
338;2;BK-R50B-44;Road-650 Black, 44;Road-650;Value-priced bike with many features of our top-of-the-line models. Has the same light, stiff frame, and the quick acceleration we're famous for.;Black;44;U;4.131.463;6.990.982
340;2;BK-R50B-48;Road-650 Black, 48;Road-650;Value-priced bike with many features of our top-of-the-line models. Has the same light, stiff frame, and the quick acceleration we're famous for.;Black;48;U;4.131.463;6.990.982
342;2;BK-R50B-52;Road-650 Black, 52;Road-650;Value-priced bike with many features of our top-of-the-line models. Has the same light, stiff frame, and the quick acceleration we're famous for.;Black;52;U;4.131.463;6.990.982
344;1;BK-M82S-38;Mountain-100 Silver, 38;Mountain-100;Top-of-the-line competition mountain bike. Performance-enhancing options include the innovative HL Frame, super-smooth front suspension, and traction for all terrain.;Silver;38;U;19.121.544;3399.99
345;1;BK-M82S-42;Mountain-100 Silver, 42;Mountain-100;Top-of-the-line competition mountain bike. Performance-enhancing options include the innovative HL Frame, super-smooth front suspension, and traction for all terrain.;Silver;42;U;19.121.544;3399.99
346;1;BK-M82S-44;Mountain-100 Silver, 44;Mountain-100;Top-of-the-line competition mountain bike. Performance-enhancing options include the innovative HL Frame, super-smooth front suspension, and traction for all terrain.;Silver;44;U;19.121.544;3399.99
347;1;BK-M82S-48;Mountain-100 Silver, 48;Mountain-100;Top-of-the-line competition mountain bike. Performance-enhancing options include the innovative HL Frame, super-smooth front suspension, and traction for all terrain.;Silver;48;U;19.121.544;3399.99
348;1;BK-M82B-38;Mountain-100 Black, 38;Mountain-100;Top-of-the-line competition mountain bike. Performance-enhancing options include the innovative HL Frame, super-smooth front suspension, and traction for all terrain.;Black;38;U;18.980.944;3374.99
349;1;BK-M82B-42;Mountain-100 Black, 42;Mountain-100;Top-of-the-line competition mountain bike. Performance-enhancing options include the innovative HL Frame, super-smooth front suspension, and traction for all terrain.;Black;42;U;18.980.944;3374.99
350;1;BK-M82B-44;Mountain-100 Black, 44;Mountain-100;Top-of-the-line competition mountain bike. Performance-enhancing options include the innovative HL Frame, super-smooth front suspension, and traction for all terrain.;Black;44;U;18.980.944;3374.99
351;1;BK-M82B-48;Mountain-100 Black, 48;Mountain-100;Top-of-the-line competition mountain bike. Performance-enhancing options include the innovative HL Frame, super-smooth front suspension, and traction for all terrain.;Black;48;U;18.980.944;3374.99
352;1;BK-M68S-38;Mountain-200 Silver, 38;Mountain-200;Serious back-country riding. Perfect for all levels of competition. Uses the same HL Frame as the Mountain-100.;Silver;38;U;11.178.559;20.714.196
354;1;BK-M68S-42;Mountain-200 Silver, 42;Mountain-200;Serious back-country riding. Perfect for all levels of competition. Uses the same HL Frame as the Mountain-100.;Silver;42;U;11.178.559;20.714.196
356;1;BK-M68S-46;Mountain-200 Silver, 46;Mountain-200;Serious back-country riding. Perfect for all levels of competition. Uses the same HL Frame as the Mountain-100.;Silver;46;U;11.178.559;20.714.196
358;1;BK-M68B-38;Mountain-200 Black, 38;Mountain-200;Serious back-country riding. Perfect for all levels of competition. Uses the same HL Frame as the Mountain-100.;Black;38;U;1105.81;20.490.982
360;1;BK-M68B-42;Mountain-200 Black, 42;Mountain-200;Serious back-country riding. Perfect for all levels of competition. Uses the same HL Frame as the Mountain-100.;Black;42;U;1105.81;20.490.982
362;1;BK-M68B-46;Mountain-200 Black, 46;Mountain-200;Serious back-country riding. Perfect for all levels of competition. Uses the same HL Frame as the Mountain-100.;Black;46;U;1105.81;20.490.982
364;1;BK-M47B-38;Mountain-300 Black, 38;Mountain-300;For true trail addicts.  An extremely durable bike that will go anywhere and keep you in control on challenging terrain - without breaking your budget.;Black;38;U;5.984.354;1079.99
365;1;BK-M47B-40;Mountain-300 Black, 40;Mountain-300;For true trail addicts.  An extremely durable bike that will go anywhere and keep you in control on challenging terrain - without breaking your budget.;Black;40;U;5.984.354;1079.99
366;1;BK-M47B-44;Mountain-300 Black, 44;Mountain-300;For true trail addicts.  An extremely durable bike that will go anywhere and keep you in control on challenging terrain - without breaking your budget.;Black;44;U;5.984.354;1079.99
367;1;BK-M47B-48;Mountain-300 Black, 48;Mountain-300;For true trail addicts.  An extremely durable bike that will go anywhere and keep you in control on challenging terrain - without breaking your budget.;Black;48;U;5.984.354;1079.99
368;2;BK-R89R-44;Road-250 Red, 44;Road-250;Alluminum-alloy frame provides a light, stiff ride, whether you are racing in the velodrome or on a demanding club ride on country roads.;Red;44;U;15.187.864;2443.35
369;2;BK-R89R-48;Road-250 Red, 48;Road-250;Alluminum-alloy frame provides a light, stiff ride, whether you are racing in the velodrome or on a demanding club ride on country roads.;Red;48;U;15.187.864;2443.35
370;2;BK-R89R-52;Road-250 Red, 52;Road-250;Alluminum-alloy frame provides a light, stiff ride, whether you are racing in the velodrome or on a demanding club ride on country roads.;Red;52;U;15.187.864;2443.35
371;2;BK-R89R-58;Road-250 Red, 58;Road-250;Alluminum-alloy frame provides a light, stiff ride, whether you are racing in the velodrome or on a demanding club ride on country roads.;Red;58;U;13.206.838;21.815.625
373;2;BK-R89B-44;Road-250 Black, 44;Road-250;Alluminum-alloy frame provides a light, stiff ride, whether you are racing in the velodrome or on a demanding club ride on country roads.;Black;44;U;13.206.838;21.815.625
375;2;BK-R89B-48;Road-250 Black, 48;Road-250;Alluminum-alloy frame provides a light, stiff ride, whether you are racing in the velodrome or on a demanding club ride on country roads.;Black;48;U;13.206.838;21.815.625
377;2;BK-R89B-52;Road-250 Black, 52;Road-250;Alluminum-alloy frame provides a light, stiff ride, whether you are racing in the velodrome or on a demanding club ride on country roads.;Black;52;U;13.206.838;21.815.625
379;2;BK-R89B-58;Road-250 Black, 58;Road-250;Alluminum-alloy frame provides a light, stiff ride, whether you are racing in the velodrome or on a demanding club ride on country roads.;Black;58;U;13.206.838;21.815.625
381;2;BK-R64Y-38;Road-550-W Yellow, 38;Road-550-W;Same technology as all of our Road series bikes, but the frame is sized for a woman.  Perfect all-around bike for road or racing.;Yellow;38;W;6.056.492;10.004.375
383;2;BK-R64Y-40;Road-550-W Yellow, 40;Road-550-W;Same technology as all of our Road series bikes, but the frame is sized for a woman.  Perfect all-around bike for road or racing.;Yellow;40;W;6.056.492;10.004.375
385;2;BK-R64Y-42;Road-550-W Yellow, 42;Road-550-W;Same technology as all of our Road series bikes, but the frame is sized for a woman.  Perfect all-around bike for road or racing.;Yellow;42;W;6.056.492;10.004.375
387;2;BK-R64Y-44;Road-550-W Yellow, 44;Road-550-W;Same technology as all of our Road series bikes, but the frame is sized for a woman.  Perfect all-around bike for road or racing.;Yellow;44;W;6.056.492;10.004.375
389;2;BK-R64Y-48;Road-550-W Yellow, 48;Road-550-W;Same technology as all of our Road series bikes, but the frame is sized for a woman.  Perfect all-around bike for road or racing.;Yellow;48;W;6.056.492;10.004.375
391;10;FK-1639;LL Fork;LL Fork;Stout design absorbs shock and offers more precise steering.;NA;0;0;658.097;148.22
392;10;FK-5136;ML Fork;ML Fork;Composite road fork with an aluminum steerer tube.;NA;0;0;779.176;175.49
393;10;FK-9939;HL Fork;HL Fork;High-performance carbon road fork with curved legs.;NA;0;0;1.018.936;229.49
394;11;HS-0296;LL Headset;LL Headset;Threadless headset provides quality at an economical price.;NA;0;0;151.848;34.2
395;11;HS-2451;ML Headset;ML Headset;Sealed cartridge keeps dirt out.;NA;0;0;454.168;102.29
396;11;HS-3479;HL Headset;HL Headset;"High-quality 1"" threadless headset with a grease port for quick lubrication.";NA;0;0;553.801;124.73
397;4;HB-M243;LL Mountain Handlebars;LL Mountain Handlebars;All-purpose bar for on or off-road.;NA;0;0;17.978;404.909
399;4;HB-M763;ML Mountain Handlebars;ML Mountain Handlebars;Tough aluminum alloy bars for downhill.;NA;0;0;249.932;562.909
401;4;HB-M918;HL Mountain Handlebars;HL Mountain Handlebars;Flat bar strong enough for the pro circuit.;NA;0;0;485.453;1.093.364
403;4;HB-R504;LL Road Handlebars;LL Road Handlebars;Unique shape provides easier reach to the levers.;NA;0;0;17.978;404.909
405;4;HB-R720;ML Road Handlebars;ML Road Handlebars;Anatomically shaped aluminum tube bar will suit all riders.;NA;0;0;249.932;562.909
407;4;HB-R956;HL Road Handlebars;HL Road Handlebars;Designed for racers;;;;;
409;12;FR-M63B-38;ML Mountain Frame - Black, 38;ML Mountain Frame-W;The ML frame is a heat-treated aluminum frame made with the same detail and quality as our HL frame. It offers superior performance. Men's version.;Black;38;U;1.858.193;348.76
410;17;FW-M423;LL Mountain Front Wheel;LL Mountain Front Wheel;Replacement mountain wheel for entry-level rider.;Black;0;0;269.708;60.745
411;17;FW-M762;ML Mountain Front Wheel;ML Mountain Front Wheel;Replacement mountain wheel for the casual to serious rider.;Black;0;0;928.071;209.025
412;17;FW-M928;HL Mountain Front Wheel;HL Mountain Front Wheel;High-performance mountain replacement wheel.;Black;0;0;1.332.955;300.215
413;17;FW-R623;LL Road Front Wheel;LL Road Front Wheel;Replacement road front wheel for entry-level cyclist.;Black;0;0;379.909;85.565
414;17;FW-R762;ML Road Front Wheel;ML Road Front Wheel;Sturdy alloy features a quick-release hub.;Black;0;0;1.102.829;248.385
415;17;FW-R820;HL Road Front Wheel;HL Road Front Wheel;Strong wheel with double-walled rim.;Black;0;0;1.465.466;330.06
416;17;FW-T905;Touring Front Wheel;Touring Front Wheel;Aerodynamic rims for smooth riding.;Black;0;0;967.964;218.01
417;14;FR-R72Y-38;ML Road Frame-W - Yellow, 38;ML Road Frame-W;Made from the same aluminum alloy as our top-of-the line HL frame, the ML features a lightweight down-tube milled to the perfect diameter for optimal strength. Women's version.;Yellow;38;W;3.001.188;5.407.545
419;17;RW-M423;LL Mountain Rear Wheel;LL Mountain Rear Wheel;Replacement mountain wheel for entry-level rider.;Black;0;0;389.588;87.745
420;17;RW-M762;ML Mountain Rear Wheel;ML Mountain Rear Wheel;Replacement mountain wheel for the casual to serious rider.;Black;0;0;1.047.951;236.025
421;17;RW-M928;HL Mountain Rear Wheel;HL Mountain Rear Wheel;High-performance mountain replacement wheel.;Black;0;0;1.452.835;327.215
422;17;RW-R623;LL Road Rear Wheel;LL Road Rear Wheel;Replacement road rear wheel for entry-level cyclist.;Black;0;0;499.789;112.565
423;17;RW-R762;ML Road Rear Wheel;ML Road Rear Wheel;Aluminum alloy rim with stainless steel spokes;;;;;
424;17;RW-R820;HL Road Rear Wheel;HL Road Rear Wheel;Strong rear wheel with double-walled rim.;Black;0;0;1.585.346;357.06
425;17;RW-T905;Touring Rear Wheel;Touring Rear Wheel;Excellent aerodynamic rims guarantee a smooth ride.;Black;0;0;1.087.844;245.01
426;12;FR-M63B-40;ML Mountain Frame - Black, 40;ML Mountain Frame;The ML frame is a heat-treated aluminum frame made with the same detail and quality as our HL frame. It offers superior performance. Women's version.;Black;40;U;1.858.193;348.76
427;12;FR-M63B-44;ML Mountain Frame - Black, 44;ML Mountain Frame;The ML frame is a heat-treated aluminum frame made with the same detail and quality as our HL frame. It offers superior performance. Women's version.;Black;44;U;1.858.193;348.76
428;12;FR-M63B-48;ML Mountain Frame - Black, 48;ML Mountain Frame;The ML frame is a heat-treated aluminum frame made with the same detail and quality as our HL frame. It offers superior performance. Women's version.;Black;48;U;1.858.193;348.76
429;14;FR-R72Y-40;ML Road Frame-W - Yellow, 40;ML Road Frame-W;Made from the same aluminum alloy as our top-of-the line HL frame, the ML features a lightweight down-tube milled to the perfect diameter for optimal strength. Women's version.;Yellow;40;W;3.001.188;5.407.545
431;14;FR-R72Y-42;ML Road Frame-W - Yellow, 42;ML Road Frame-W;Made from the same aluminum alloy as our top-of-the line HL frame, the ML features a lightweight down-tube milled to the perfect diameter for optimal strength. Women's version.;Yellow;42;W;3.001.188;5.407.545
433;14;FR-R72Y-44;ML Road Frame-W - Yellow, 44;ML Road Frame-W;Made from the same aluminum alloy as our top-of-the line HL frame, the ML features a lightweight down-tube milled to the perfect diameter for optimal strength. Women's version.;Yellow;44;W;3.001.188;5.407.545
435;14;FR-R72Y-48;ML Road Frame-W - Yellow, 48;ML Road Frame-W;Made from the same aluminum alloy as our top-of-the line HL frame, the ML features a lightweight down-tube milled to the perfect diameter for optimal strength. Women's version.;Yellow;48;W;3.001.188;5.407.545
437;14;FR-R92B-62;HL Road Frame - Black, 62;HL Road Frame;Our lightest and best quality aluminum frame made from the newest alloy;;;;;
439;14;FR-R92B-44;HL Road Frame - Black, 44;HL Road Frame;Our lightest and best quality aluminum frame made from the newest alloy;;;;;
441;14;FR-R92B-48;HL Road Frame - Black, 48;HL Road Frame;Our lightest and best quality aluminum frame made from the newest alloy;;;;;
443;14;FR-R92B-52;HL Road Frame - Black, 52;HL Road Frame;Our lightest and best quality aluminum frame made from the newest alloy;;;;;
445;22;SH-M897-S;Men's Sports Shorts, S;Men's Sports Shorts;Men's 8-panel racing shorts - lycra with an elastic waistband and leg grippers.;Black;S;M;247.459;59.99
446;35;PA-T100;Touring-Panniers, Large;Touring-Panniers;Durable, water-proof nylon construction with easy access. Large enough for weekend trips.;Grey;0;0;515.625;125
447;34;LO-C100;Cable Lock;Cable Lock;Wraps to fit front and rear tires, carrier and 2 keys included.;NA;0;0;103.125;25
448;36;PU-0452;Minipump;Minipump;Designed for convenience. Fits in your pocket. Aluminum barrel. 160psi rated.;NA;0;0;82.459;19.99
449;36;PU-M044;Mountain Pump;Mountain Pump;Simple and light-weight. Emergency patches stored in handle.;NA;0;0;103.084;24.99
450;33;LT-T990;Taillights - Battery-Powered;Taillight;Affordable light for safe night riding - uses 3 AAA batteries;NA;0;0;57.709;13.99
451;33;LT-H902;Headlights - Dual-Beam;Headlights - Dual-Beam;Rechargeable dual-beam headlight.;NA;0;0;144.334;34.99
452;33;LT-H903;Headlights - Weatherproof;Headlights - Weatherproof;Rugged weatherproof headlight.;NA;0;0;185.584;44.99
453;22;SH-M897-M;Men's Sports Shorts, M;Men's Sports Shorts;Men's 8-panel racing shorts - lycra with an elastic waistband and leg grippers.;Black;M;M;247.459;59.99
454;22;SH-M897-L;Men's Sports Shorts, L;Men's Sports Shorts;Men's 8-panel racing shorts - lycra with an elastic waistband and leg grippers.;Black;L;M;247.459;59.99
455;22;SH-M897-X;Men's Sports Shorts, XL;Men's Sports Shorts;Men's 8-panel racing shorts - lycra with an elastic waistband and leg grippers.;Black;XL;M;247.459;59.99
456;24;TG-W091-S;Women's Tights, S;Women's Tights;Warm spandex tights for winter riding;;;;;
457;24;TG-W091-M;Women's Tights, M;Women's Tights;Warm spandex tights for winter riding;;;;;
458;24;TG-W091-L;Women's Tights, L;Women's Tights;Warm spandex tights for winter riding;;;;;
459;18;SB-M891-S;Men's Bib-Shorts, S;Men's Bib-Shorts;Designed for the AWC team with stay-put straps, moisture-control, chamois padding, and leg grippers.;Multi;S;M;371.209;89.99
460;18;SB-M891-M;Men's Bib-Shorts, M;Men's Bib-Shorts;Designed for the AWC team with stay-put straps, moisture-control, chamois padding, and leg grippers.;Multi;M;M;371.209;89.99
461;18;SB-M891-L;Men's Bib-Shorts, L;Men's Bib-Shorts;Designed for the AWC team with stay-put straps, moisture-control, chamois padding, and leg grippers.;Multi;L;M;371.209;89.99
462;20;GL-H102-S;Half-Finger Gloves, S;Half-Finger Gloves;Full padding, improved finger flex, durable palm, adjustable closure.;Black;S;U;97.136;235.481
464;20;GL-H102-M;Half-Finger Gloves, M;Half-Finger Gloves;Full padding, improved finger flex, durable palm, adjustable closure.;Black;M;U;97.136;235.481
466;20;GL-H102-L;Half-Finger Gloves, L;Half-Finger Gloves;Full padding, improved finger flex, durable palm, adjustable closure.;Black;L;U;97.136;235.481
468;20;GL-F110-S;Full-Finger Gloves, S;Full-Finger Gloves;Synthetic palm, flexible knuckles, breathable mesh upper. Worn by the AWC team riders.;Black;S;U;156.709;37.99
469;20;GL-F110-M;Full-Finger Gloves, M;Full-Finger Gloves;Synthetic palm, flexible knuckles, breathable mesh upper. Worn by the AWC team riders.;Black;M;U;156.709;37.99
470;20;GL-F110-L;Full-Finger Gloves, L;Full-Finger Gloves;Synthetic palm, flexible knuckles, breathable mesh upper. Worn by the AWC team riders.;Black;L;U;156.709;37.99
471;25;VE-C304-S;Classic Vest, S;Classic Vest;Light-weight, wind-resistant, packs to fit into a pocket.;Blue;S;U;23.749;63.5
472;25;VE-C304-M;Classic Vest, M;Classic Vest;Light-weight, wind-resistant, packs to fit into a pocket.;Blue;M;U;23.749;63.5
473;25;VE-C304-L;Classic Vest, L;Classic Vest;Light-weight, wind-resistant, packs to fit into a pocket.;Blue;L;U;23.749;63.5
474;22;SH-W890-S;Women's Mountain Shorts, S;Women's Mountain Shorts;Heavy duty, abrasion-resistant shorts feature seamless, lycra inner shorts with anti-bacterial chamois for comfort.;Black;S;W;261.763;69.99
475;22;SH-W890-M;Women's Mountain Shorts, M;Women's Mountain Shorts;Heavy duty, abrasion-resistant shorts feature seamless, lycra inner shorts with anti-bacterial chamois for comfort.;Black;M;W;261.763;69.99
476;22;SH-W890-L;Women's Mountain Shorts, L;Women's Mountain Shorts;Heavy duty, abrasion-resistant shorts feature seamless, lycra inner shorts with anti-bacterial chamois for comfort.;Black;L;W;261.763;69.99
477;28;WB-H098;Water Bottle - 30 oz.;Water Bottle;AWC logo water bottle - holds 30 oz;;;;;
478;28;BC-M005;Mountain Bottle Cage;Mountain Bottle Cage;Tough aluminum cage holds bottle securly on tough terrain.;NA;0;0;37.363;9.99
479;28;BC-R205;Road Bottle Cage;Road Bottle Cage;Aluminum cage is lighter than our mountain version;;;;;
480;37;PK-7098;Patch Kit/8 Patches;Patch kit;Includes 8 different size patches, glue and sandpaper.;NA;0;0;0.8565;2.29
481;23;SO-R809-M;Racing Socks, M;Racing Socks;Thin, lightweight and durable with cuffs that stay up.;White;M;U;33.623;8.99
482;23;SO-R809-L;Racing Socks, L;Racing Socks;Thin, lightweight and durable with cuffs that stay up.;White;L;U;33.623;8.99
483;26;RA-H123;Hitch Rack - 4-Bike;Hitch Rack - 4-Bike;Carries 4 bikes securely;;;;;
484;29;CL-9009;Bike Wash - Dissolver;Bike Wash;Washes off the toughest road grime;;;;;
485;30;FE-6654;Fender Set - Mountain;Fender Set - Mountain;Clip-on fenders fit most mountain bikes.;NA;0;0;82.205;21.98
486;27;ST-1401;All-Purpose Bike Stand;All-Purpose Bike Stand;Perfect all-purpose bike stand for working on your bike at home. Quick-adjusting clamps and steel construction.;NA;0;0;59.466;159
487;32;HY-1023-70;Hydration Pack - 70 oz.;Hydration Pack;Versatile 70 oz hydration pack offers extra storage, easy-fill access, and a waist belt.;Silver;70;0;205.663;54.99
488;21;SJ-0194-S;Short-Sleeve Classic Jersey, S;Short-Sleeve Classic Jersey;Short sleeve classic breathable jersey with superior moisture control, front zipper, and 3 back pockets.;Yellow;S;U;415.723;53.99
489;21;SJ-0194-M;Short-Sleeve Classic Jersey, M;Short-Sleeve Classic Jersey;Short sleeve classic breathable jersey with superior moisture control, front zipper, and 3 back pockets.;Yellow;M;U;415.723;53.99
490;21;SJ-0194-L;Short-Sleeve Classic Jersey, L;Short-Sleeve Classic Jersey;Short sleeve classic breathable jersey with superior moisture control, front zipper, and 3 back pockets.;Yellow;L;U;415.723;53.99
491;21;SJ-0194-X;Short-Sleeve Classic Jersey, XL;Short-Sleeve Classic Jersey;Short sleeve classic breathable jersey with superior moisture control, front zipper, and 3 back pockets.;Yellow;XL;U;415.723;53.99
492;16;FR-T98Y-60;HL Touring Frame - Yellow, 60;HL Touring Frame;The HL aluminum frame is custom-shaped for both good looks and strength;;;;;
493;16;FR-T67Y-62;LL Touring Frame - Yellow, 62;LL Touring Frame;Lightweight butted aluminum frame provides a more upright riding position for a trip around town.  Our ground-breaking design provides optimum comfort.;Yellow;62;U;1.998.519;333.42
494;16;FR-T98Y-46;HL Touring Frame - Yellow, 46;HL Touring Frame;The HL aluminum frame is custom-shaped for both good looks and strength;;;;;
495;16;FR-T98Y-50;HL Touring Frame - Yellow, 50;HL Touring Frame;The HL aluminum frame is custom-shaped for both good looks and strength;;;;;
496;16;FR-T98Y-54;HL Touring Frame - Yellow, 54;HL Touring Frame;The HL aluminum frame is custom-shaped for both good looks and strength;;;;;
497;16;FR-T98U-46;HL Touring Frame - Blue, 46;HL Touring Frame;The HL aluminum frame is custom-shaped for both good looks and strength;;;;;
498;16;FR-T98U-50;HL Touring Frame - Blue, 50;HL Touring Frame;The HL aluminum frame is custom-shaped for both good looks and strength;;;;;
499;16;FR-T98U-54;HL Touring Frame - Blue, 54;HL Touring Frame;The HL aluminum frame is custom-shaped for both good looks and strength;;;;;
500;16;FR-T98U-60;HL Touring Frame - Blue, 60;HL Touring Frame;The HL aluminum frame is custom-shaped for both good looks and strength;;;;;
501;9;RD-2308;Rear Derailleur;Rear Derailleur;Wide-link design.;Silver;0;0;539.282;121.46
502;16;FR-T67U-50;LL Touring Frame - Blue, 50;LL Touring Frame;Lightweight butted aluminum frame provides a more upright riding position for a trip around town.  Our ground-breaking design provides optimum comfort.;Blue;50;U;1.998.519;333.42
503;16;FR-T67U-54;LL Touring Frame - Blue, 54;LL Touring Frame;Lightweight butted aluminum frame provides a more upright riding position for a trip around town.  Our ground-breaking design provides optimum comfort.;Blue;54;U;1.998.519;333.42
504;16;FR-T67U-58;LL Touring Frame - Blue, 58;LL Touring Frame;Lightweight butted aluminum frame provides a more upright riding position for a trip around town.  Our ground-breaking design provides optimum comfort.;Blue;58;U;1.998.519;333.42
505;16;FR-T67U-62;LL Touring Frame - Blue, 62;LL Touring Frame;Lightweight butted aluminum frame provides a more upright riding position for a trip around town.  Our ground-breaking design provides optimum comfort.;Blue;62;U;1.998.519;333.42
506;16;FR-T67Y-44;LL Touring Frame - Yellow, 44;LL Touring Frame;Lightweight butted aluminum frame provides a more upright riding position for a trip around town.  Our ground-breaking design provides optimum comfort.;Yellow;44;U;1.998.519;333.42
507;16;FR-T67Y-50;LL Touring Frame - Yellow, 50;LL Touring Frame;Lightweight butted aluminum frame provides a more upright riding position for a trip around town.  Our ground-breaking design provides optimum comfort.;Yellow;50;U;1.998.519;333.42
508;16;FR-T67Y-54;LL Touring Frame - Yellow, 54;LL Touring Frame;Lightweight butted aluminum frame provides a more upright riding position for a trip around town.  Our ground-breaking design provides optimum comfort.;Yellow;54;U;1.998.519;333.42
509;16;FR-T67Y-58;LL Touring Frame - Yellow, 58;LL Touring Frame;Lightweight butted aluminum frame provides a more upright riding position for a trip around town.  Our ground-breaking design provides optimum comfort.;Yellow;58;U;1.998.519;333.42
510;16;FR-T67U-44;LL Touring Frame - Blue, 44;LL Touring Frame;Lightweight butted aluminum frame provides a more upright riding position for a trip around town.  Our ground-breaking design provides optimum comfort.;Blue;44;U;1.998.519;333.42
511;12;FR-M63S-40;ML Mountain Frame-W - Silver, 40;ML Mountain Frame-W;The ML frame is a heat-treated aluminum frame made with the same detail and quality as our HL frame. It offers superior performance. Men's version.;Silver;40;W;1.993.757;364.09
512;12;FR-M63S-42;ML Mountain Frame-W - Silver, 42;ML Mountain Frame-W;The ML frame is a heat-treated aluminum frame made with the same detail and quality as our HL frame. It offers superior performance. Men's version.;Silver;42;W;1.993.757;364.09
513;12;FR-M63S-46;ML Mountain Frame-W - Silver, 46;ML Mountain Frame-W;The ML frame is a heat-treated aluminum frame made with the same detail and quality as our HL frame. It offers superior performance. Men's version.;Silver;46;W;1.993.757;364.09
514;6;RB-9231;Rear Brakes;Rear Brakes;0;Silver;0;0;47.286;106.5
515;15;SE-M236;LL Mountain Seat/Saddle;LL Mountain Seat/Saddle 2;Synthetic leather. Features gel for increased comfort.;NA;0;0;120.413;27.12
516;15;SE-M798;ML Mountain Seat/Saddle;ML Mountain Seat/Saddle 2;Designed to absorb shock.;NA;0;0;173.782;39.14
517;15;SE-M940;HL Mountain Seat/Saddle;HL Mountain Seat/Saddle 2;Anatomic design for a full-day of riding in comfort. Durable leather.;NA;0;0;233.722;52.64
518;15;SE-R581;LL Road Seat/Saddle;LL Road Seat/Saddle 1;Lightweight foam-padded saddle.;NA;0;0;120.413;27.12
519;15;SE-R908;ML Road Seat/Saddle;ML Road Seat/Saddle 2;Rubber bumpers absorb bumps.;NA;0;0;173.782;39.14
520;15;SE-R995;HL Road Seat/Saddle;HL Road Seat/Saddle 2;Lightweight kevlar racing saddle. Leather.;NA;0;0;233.722;52.64
521;15;SE-T312;LL Touring Seat/Saddle;LL Touring Seat/Saddle;Comfortable, ergonomically shaped gel saddle.;NA;0;0;120.413;27.12
522;15;SE-T762;ML Touring Seat/Saddle;ML Touring Seat/Saddle;New design relieves pressure for long rides.;NA;0;0;173.782;39.14
523;15;SE-T924;HL Touring Seat/Saddle;HL Touring Seat/Saddle;Cut-out shell for a more comfortable ride.;NA;0;0;233.722;52.64
524;12;FR-M21S-42;LL Mountain Frame - Silver, 42;LL Mountain Frame;Our best value utilizing the same, ground-breaking frame technology as the ML aluminum frame.;Silver;42;U;1.445.938;264.05
525;12;FR-M21S-44;LL Mountain Frame - Silver, 44;LL Mountain Frame;Our best value utilizing the same, ground-breaking frame technology as the ML aluminum frame.;Silver;44;U;1.445.938;264.05
526;12;FR-M21S-48;LL Mountain Frame - Silver, 48;LL Mountain Frame;Our best value utilizing the same, ground-breaking frame technology as the ML aluminum frame.;Silver;48;U;1.445.938;264.05
527;12;FR-M21S-52;LL Mountain Frame - Silver, 52;LL Mountain Frame;Our best value utilizing the same, ground-breaking frame technology as the ML aluminum frame.;Silver;52;U;1.445.938;264.05
528;37;TT-M928;Mountain Tire Tube;Mountain Tire Tube;Self-sealing tube.;NA;0;0;18.663;4.99
529;37;TT-R982;Road Tire Tube;Road Tire Tube;Conventional all-purpose tube.;NA;0;0;14.923;3.99
530;37;TT-T092;Touring Tire Tube;Touring Tire Tube;General purpose tube.;NA;0;0;18.663;4.99
531;12;FR-M21B-42;LL Mountain Frame - Black, 42;LL Mountain Frame;Our best value utilizing the same, ground-breaking frame technology as the ML aluminum frame.;Black;42;U;136.785;249.79
532;12;FR-M21B-44;LL Mountain Frame - Black, 44;LL Mountain Frame;Our best value utilizing the same, ground-breaking frame technology as the ML aluminum frame.;Black;44;U;136.785;249.79
533;12;FR-M21B-48;LL Mountain Frame - Black, 48;LL Mountain Frame;Our best value utilizing the same, ground-breaking frame technology as the ML aluminum frame.;Black;48;U;136.785;249.79
534;12;FR-M21B-52;LL Mountain Frame - Black, 52;LL Mountain Frame;Our best value utilizing the same, ground-breaking frame technology as the ML aluminum frame.;Black;52;U;136.785;249.79
535;37;TI-M267;LL Mountain Tire;LL Mountain Tire;Comparible traction, less expensive wire bead casing.;NA;0;0;93.463;24.99
536;37;TI-M602;ML Mountain Tire;ML Mountain Tire;Great traction, high-density rubber.;NA;0;0;112.163;29.99
537;37;TI-M823;HL Mountain Tire;HL Mountain Tire;Incredible traction, lightweight carbon reinforced.;NA;0;0;13.09;35
538;37;TI-R092;LL Road Tire;LL Road Tire;Same great treads as more expensive tire with a less expensive wire bead casing.;NA;0;0;80.373;21.49
539;37;TI-R628;ML Road Tire;ML Road Tire;Higher density rubber.;NA;0;0;93.463;24.99
540;37;TI-R982;HL Road Tire;HL Road Tire;Lightweight carbon reinforced  for an unrivaled ride at an un-compromised weight.;NA;0;0;121.924;32.6
541;37;TI-T723;Touring Tire;Touring Tire;High-density rubber.;NA;0;0;108.423;28.99
542;13;PD-M282;LL Mountain Pedal;LL Mountain Pedal;Expanded platform so you can ride in any shoes;;;;;
543;13;PD-M340;ML Mountain Pedal;ML Mountain Pedal;Lightweight, durable, clipless pedal with adjustable tension.;Silver/Black;0;0;27.568;62.09
544;13;PD-M562;HL Mountain Pedal;HL Mountain Pedal;Stainless steel;;;;;
545;13;PD-R347;LL Road Pedal;LL Road Pedal;Clipless pedals - aluminum.;Silver/Black;0;0;179.776;40.49
546;13;PD-R563;ML Road Pedal;ML Road Pedal;Lightweight aluminum alloy construction.;Silver/Black;0;0;27.568;62.09
547;13;PD-R853;HL Road Pedal;HL Road Pedal;Top-of-the-line clipless pedals with adjustable tension.;Silver/Black;0;0;359.596;80.99
548;13;PD-T852;Touring Pedal;Touring Pedal;A stable pedal for all-day riding.;Silver/Black;0;0;359.596;80.99
549;12;FR-M63S-38;ML Mountain Frame-W - Silver, 38;ML Mountain Frame-W;The ML frame is a heat-treated aluminum frame made with the same detail and quality as our HL frame. It offers superior performance. Men's version.;Silver;38;W;1.993.757;364.09
550;12;FR-M21B-40;LL Mountain Frame - Black, 40;LL Mountain Frame;Our best value utilizing the same, ground-breaking frame technology as the ML aluminum frame.;Black;40;U;136.785;249.79
551;12;FR-M21S-40;LL Mountain Frame - Silver, 40;LL Mountain Frame;Our best value utilizing the same, ground-breaking frame technology as the ML aluminum frame.;Silver;40;U;1.445.938;264.05
552;9;FD-2342;Front Derailleur;Front Derailleur;Wide-link design.;Silver;0;0;406.216;91.49
553;4;HB-T721;LL Touring Handlebars;LL Touring Handlebars;Unique shape reduces fatigue for entry level riders.;NA;0;0;20.464;46.09
554;4;HB-T928;HL Touring Handlebars;HL Touring Handlebars;A light yet stiff aluminum bar for long distance riding.;NA;0;0;406.571;91.57
555;6;FB-9873;Front Brakes;Front Brakes;All-weather brake pads;;;;;
556;8;CS-4759;LL Crankset;LL Crankset;Super rigid spindle.;Black;0;0;779.176;175.49
557;8;CS-6583;ML Crankset;ML Crankset;High-strength crank arm.;Black;0;0;1.138.816;256.49
558;8;CS-9183;HL Crankset;HL Crankset;Triple crankset;;;;;
559;7;CH-0234;Chain;Chain;Superior shifting performance.;Silver;0;0;89.866;20.24
560;3;BK-T44U-60;Touring-2000 Blue, 60;Touring-2000;The plush custom saddle keeps you riding all day,  and there's plenty of space to add panniers and bike bags to the newly-redesigned carrier.  This bike has stability when fully-loaded.;Blue;60;U;7.551.508;1214.85
561;3;BK-T79Y-46;Touring-1000 Yellow, 46;Touring-1000;Travel in style and comfort. Designed for maximum comfort and safety. Wide gear range takes on all hills. High-tech aluminum alloy construction provides durability without added weight.;Yellow;46;U;14.819.379;2384.07
562;3;BK-T79Y-50;Touring-1000 Yellow, 50;Touring-1000;Travel in style and comfort. Designed for maximum comfort and safety. Wide gear range takes on all hills. High-tech aluminum alloy construction provides durability without added weight.;Yellow;50;U;14.819.379;2384.07
563;3;BK-T79Y-54;Touring-1000 Yellow, 54;Touring-1000;Travel in style and comfort. Designed for maximum comfort and safety. Wide gear range takes on all hills. High-tech aluminum alloy construction provides durability without added weight.;Yellow;54;U;14.819.379;2384.07
564;3;BK-T79Y-60;Touring-1000 Yellow, 60;Touring-1000;Travel in style and comfort. Designed for maximum comfort and safety. Wide gear range takes on all hills. High-tech aluminum alloy construction provides durability without added weight.;Yellow;60;U;14.819.379;2384.07
565;3;BK-T18U-54;Touring-3000 Blue, 54;Touring-3000;All-occasion value bike with our basic comfort and safety features. Offers wider, more stable tires for a ride around town or weekend trip.;Blue;54;U;4.614.448;742.35
566;3;BK-T18U-58;Touring-3000 Blue, 58;Touring-3000;All-occasion value bike with our basic comfort and safety features. Offers wider, more stable tires for a ride around town or weekend trip.;Blue;58;U;4.614.448;742.35
567;3;BK-T18U-62;Touring-3000 Blue, 62;Touring-3000;All-occasion value bike with our basic comfort and safety features. Offers wider, more stable tires for a ride around town or weekend trip.;Blue;62;U;4.614.448;742.35
568;3;BK-T18Y-44;Touring-3000 Yellow, 44;Touring-3000;All-occasion value bike with our basic comfort and safety features. Offers wider, more stable tires for a ride around town or weekend trip.;Yellow;44;U;4.614.448;742.35
569;3;BK-T18Y-50;Touring-3000 Yellow, 50;Touring-3000;All-occasion value bike with our basic comfort and safety features. Offers wider, more stable tires for a ride around town or weekend trip.;Yellow;50;U;4.614.448;742.35
570;3;BK-T18Y-54;Touring-3000 Yellow, 54;Touring-3000;All-occasion value bike with our basic comfort and safety features. Offers wider, more stable tires for a ride around town or weekend trip.;Yellow;54;U;4.614.448;742.35
571;3;BK-T18Y-58;Touring-3000 Yellow, 58;Touring-3000;All-occasion value bike with our basic comfort and safety features. Offers wider, more stable tires for a ride around town or weekend trip.;Yellow;58;U;4.614.448;742.35
572;3;BK-T18Y-62;Touring-3000 Yellow, 62;Touring-3000;All-occasion value bike with our basic comfort and safety features. Offers wider, more stable tires for a ride around town or weekend trip.;Yellow;62;U;4.614.448;742.35
573;3;BK-T79U-46;Touring-1000 Blue, 46;Touring-1000;Travel in style and comfort. Designed for maximum comfort and safety. Wide gear range takes on all hills. High-tech aluminum alloy construction provides durability without added weight.;Blue;46;U;14.819.379;2384.07
574;3;BK-T79U-50;Touring-1000 Blue, 50;Touring-1000;Travel in style and comfort. Designed for maximum comfort and safety. Wide gear range takes on all hills. High-tech aluminum alloy construction provides durability without added weight.;Blue;50;U;14.819.379;2384.07
575;3;BK-T79U-54;Touring-1000 Blue, 54;Touring-1000;Travel in style and comfort. Designed for maximum comfort and safety. Wide gear range takes on all hills. High-tech aluminum alloy construction provides durability without added weight.;Blue;54;U;14.819.379;2384.07
576;3;BK-T79U-60;Touring-1000 Blue, 60;Touring-1000;Travel in style and comfort. Designed for maximum comfort and safety. Wide gear range takes on all hills. High-tech aluminum alloy construction provides durability without added weight.;Blue;60;U;14.819.379;2384.07
577;3;BK-T44U-46;Touring-2000 Blue, 46;Touring-2000;The plush custom saddle keeps you riding all day,  and there's plenty of space to add panniers and bike bags to the newly-redesigned carrier.  This bike has stability when fully-loaded.;Blue;46;U;7.551.508;1214.85
578;3;BK-T44U-50;Touring-2000 Blue, 50;Touring-2000;The plush custom saddle keeps you riding all day,  and there's plenty of space to add panniers and bike bags to the newly-redesigned carrier.  This bike has stability when fully-loaded.;Blue;50;U;7.551.508;1214.85
579;3;BK-T44U-54;Touring-2000 Blue, 54;Touring-2000;The plush custom saddle keeps you riding all day,  and there's plenty of space to add panniers and bike bags to the newly-redesigned carrier.  This bike has stability when fully-loaded.;Blue;54;U;7.551.508;1214.85
580;2;BK-R79Y-40;Road-350-W Yellow, 40;Road-350-W;Cross-train, race, or just socialize on a sleek, aerodynamic bike designed for a woman.  Advanced seat technology provides comfort all day.;Yellow;40;W;1082.51;1700.99
581;2;BK-R79Y-42;Road-350-W Yellow, 42;Road-350-W;Cross-train, race, or just socialize on a sleek, aerodynamic bike designed for a woman.  Advanced seat technology provides comfort all day.;Yellow;42;W;1082.51;1700.99
582;2;BK-R79Y-44;Road-350-W Yellow, 44;Road-350-W;Cross-train, race, or just socialize on a sleek, aerodynamic bike designed for a woman.  Advanced seat technology provides comfort all day.;Yellow;44;W;1082.51;1700.99
583;2;BK-R79Y-48;Road-350-W Yellow, 48;Road-350-W;Cross-train, race, or just socialize on a sleek, aerodynamic bike designed for a woman.  Advanced seat technology provides comfort all day.;Yellow;48;W;1082.51;1700.99
584;2;BK-R19B-58;Road-750 Black, 58;Road-750;Entry level adult bike;;;;;
585;3;BK-T18U-44;Touring-3000 Blue, 44;Touring-3000;All-occasion value bike with our basic comfort and safety features. Offers wider, more stable tires for a ride around town or weekend trip.;Blue;44;U;4.614.448;742.35
586;3;BK-T18U-50;Touring-3000 Blue, 50;Touring-3000;All-occasion value bike with our basic comfort and safety features. Offers wider, more stable tires for a ride around town or weekend trip.;Blue;50;U;4.614.448;742.35
587;1;BK-M38S-38;Mountain-400-W Silver, 38;Mountain-400-W;This bike delivers a high-level of performance on a budget. It is responsive and maneuverable, and offers peace-of-mind when you decide to go off-road.;Silver;38;W;4.197.784;769.49
588;1;BK-M38S-40;Mountain-400-W Silver, 40;Mountain-400-W;This bike delivers a high-level of performance on a budget. It is responsive and maneuverable, and offers peace-of-mind when you decide to go off-road.;Silver;40;W;4.197.784;769.49
589;1;BK-M38S-42;Mountain-400-W Silver, 42;Mountain-400-W;This bike delivers a high-level of performance on a budget. It is responsive and maneuverable, and offers peace-of-mind when you decide to go off-road.;Silver;42;W;4.197.784;769.49
590;1;BK-M38S-46;Mountain-400-W Silver, 46;Mountain-400-W;This bike delivers a high-level of performance on a budget. It is responsive and maneuverable, and offers peace-of-mind when you decide to go off-road.;Silver;46;W;4.197.784;769.49
591;1;BK-M18S-40;Mountain-500 Silver, 40;Mountain-500;Suitable for any type of riding, on or off-road. Fits any budget. Smooth-shifting with a comfortable ride.;Silver;40;U;3.082.179;564.99
592;1;BK-M18S-42;Mountain-500 Silver, 42;Mountain-500;Suitable for any type of riding, on or off-road. Fits any budget. Smooth-shifting with a comfortable ride.;Silver;42;U;3.082.179;564.99
593;1;BK-M18S-44;Mountain-500 Silver, 44;Mountain-500;Suitable for any type of riding, on or off-road. Fits any budget. Smooth-shifting with a comfortable ride.;Silver;44;U;3.082.179;564.99
594;1;BK-M18S-48;Mountain-500 Silver, 48;Mountain-500;Suitable for any type of riding, on or off-road. Fits any budget. Smooth-shifting with a comfortable ride.;Silver;48;U;3.082.179;564.99
595;1;BK-M18S-52;Mountain-500 Silver, 52;Mountain-500;Suitable for any type of riding, on or off-road. Fits any budget. Smooth-shifting with a comfortable ride.;Silver;52;U;3.082.179;564.99
596;1;BK-M18B-40;Mountain-500 Black, 40;Mountain-500;Suitable for any type of riding, on or off-road. Fits any budget. Smooth-shifting with a comfortable ride.;Black;40;U;2.945.797;539.99
597;1;BK-M18B-42;Mountain-500 Black, 42;Mountain-500;Suitable for any type of riding, on or off-road. Fits any budget. Smooth-shifting with a comfortable ride.;Black;42;U;2.945.797;539.99
598;1;BK-M18B-44;Mountain-500 Black, 44;Mountain-500;Suitable for any type of riding, on or off-road. Fits any budget. Smooth-shifting with a comfortable ride.;Black;44;U;2.945.797;539.99
599;1;BK-M18B-48;Mountain-500 Black, 48;Mountain-500;Suitable for any type of riding, on or off-road. Fits any budget. Smooth-shifting with a comfortable ride.;Black;48;U;2.945.797;539.99
600;1;BK-M18B-52;Mountain-500 Black, 52;Mountain-500;Suitable for any type of riding, on or off-road. Fits any budget. Smooth-shifting with a comfortable ride.;Black;52;U;2.945.797;539.99
601;5;BB-7421;LL Bottom Bracket;LL Bottom Bracket;Chromoly steel.;NA;0;0;239.716;53.99
602;5;BB-8107;ML Bottom Bracket;ML Bottom Bracket;Aluminum alloy cups;;;;;
603;5;BB-9108;HL Bottom Bracket;HL Bottom Bracket;Aluminum alloy cups and a hollow axle.;NA;0;0;539.416;121.49
604;2;BK-R19B-44;Road-750 Black, 44;Road-750;Entry level adult bike;;;;;
605;2;BK-R19B-48;Road-750 Black, 48;Road-750;Entry level adult bike;;;;;
606;2;BK-R19B-52;Road-750 Black, 52;Road-750;Entry level adult bike;;;;;
